UniqName,MelodyNumber,Filename,Encoder,XML,Checked,Finished,Section,Page,Paid?,Chapter,Key,Mode,Notes,Rate
Berkowitz,1,Berkowitz1,DJB,DONE,YES,YES,I,5,NA,1,C,,,0.75
Berkowitz,2,Berkowitz2,DJB,DONE,YES,YES,I,5,NA,1,F,,,0.75
Berkowitz,3,Berkowitz3,DJB,DONE,YES,YES,I,5,NA,1,F,,,0.75
Berkowitz,4,Berkowitz4,DJB,DONE,YES,YES,I,6,NA,1,F,,,0.75
Berkowitz,5,Berkowitz5,DJB,DONE,YES,YES,I,6,NA,1,G,,,0.75
Berkowitz,6,Berkowitz6,DJB,DONE,YES,YES,I,6,NA,1,D,,,0.75
Berkowitz,7,Berkowitz7,DJB,DONE,YES,YES,I,6,NA,1,D,,,0.75
Berkowitz,8,Berkowitz8,DJB,DONE,YES,YES,I,6,NA,1,G,,,0.75
Berkowitz,9,Berkowitz9,DJB,DONE,YES,YES,I,6,NA,1,B-,,,0.75
Berkowitz,10,Berkowitz10,DJB,DONE,YES,YES,I,7,NA,1,B-,,,0.75
Berkowitz,11,Berkowitz11,DJB,DONE,YES,YES,I,7,NA,1,C,,,0.75
Berkowitz,12,Berkowitz12,DJB,DONE,YES,YES,I,7,NA,1,D,,,0.75
Berkowitz,13,Berkowitz13,DJB,DONE,YES,YES,I,7,NA,1,B-,,,0.75
Berkowitz,14,Berkowitz14,DJB,DONE,YES,YES,I,7,NA,1,E-,,,0.75
Berkowitz,15,Berkowitz15,DJB,DONE,YES,YES,I,7,NA,1,D,,,0.75
Berkowitz,16,Berkowitz16,DJB,DONE,YES,YES,I,8,NA,1,D,,,0.75
Berkowitz,17,Berkowitz17,DJB,DONE,YES,YES,I,8,NA,1,B-,,,0.75
Berkowitz,18,Berkowitz18,DJB,DONE,YES,YES,I,8,NA,1,F,,,0.75
Berkowitz,19,Berkowitz19,DJB,DONE,YES,YES,I,8,NA,1,F,,,0.75
Berkowitz,20,Berkowitz20,DJB,DONE,YES,YES,I,8,NA,1,A,,,0.75
Berkowitz,21,Berkowitz21,DJB,DONE,YES,YES,I,8,NA,1,A,,,0.75
Berkowitz,22,Berkowitz22,DJB,DONE,YES,YES,I,9,NA,1,A,,,0.75
Berkowitz,23,Berkowitz23,DJB,DONE,YES,YES,I,9,NA,1,G,,,0.75
Berkowitz,24,Berkowitz24,DJB,DONE,YES,YES,I,9,NA,1,E-,,,0.75
Berkowitz,25,Berkowitz25,DJB,DONE,YES,YES,I,9,NA,1,E-,,,0.75
Berkowitz,26,Berkowitz26,DJB,DONE,YES,YES,I,9,NA,1,G,,,0.75
Berkowitz,27,Berkowitz27,DJB,DONE,YES,YES,I,9,NA,1,D,,,0.75
Berkowitz,28,Berkowitz28,DJB,DONE,YES,YES,I,9,NA,1,B-,,,0.75
Berkowitz,29,Berkowitz29,DJB,DONE,YES,YES,I,10,NA,1,E-,,,0.75
Berkowitz,30,Berkowitz30,DJB,DONE,YES,YES,I,10,NA,1,F,,,0.75
Berkowitz,31,Berkowitz31,DJB,DONE,YES,YES,I,10,NA,1,A-,,,0.75
Berkowitz,32,Berkowitz32,DJB,DONE,YES,YES,I,10,NA,1,B-,,,0.75
Berkowitz,33,Berkowitz33,DJB,DONE,YES,YES,I,10,NA,1,F,,,0.75
Berkowitz,34,Berkowitz34,DJB,DONE,YES,YES,I,10,NA,1,A-,,,0.75
Berkowitz,35,Berkowitz35,DJB,DONE,YES,YES,I,11,NA,1,G,,,0.75
Berkowitz,36,Berkowitz36,DJB,DONE,YES,YES,I,11,NA,1,g,,,0.75
Berkowitz,37,Berkowitz37,DJB,DONE,YES,YES,I,11,NA,1,g,,,0.75
Berkowitz,38,Berkowitz38,DJB,DONE,YES,YES,I,12,NA,1,E-,,,0.75
Berkowitz,39,Berkowitz39,DJB,DONE,YES,YES,I,12,NA,1,c,,,0.75
Berkowitz,40,Berkowitz40,DJB,DONE,YES,YES,I,12,NA,1,g,,,0.75
Berkowitz,41,Berkowitz41,DJB,DONE,YES,YES,I,12,NA,1,E-,,,0.75
Berkowitz,42,Berkowitz42,DJB,DONE,YES,YES,I,12,NA,1,d,,,0.75
Berkowitz,43,Berkowitz43,DJB,DONE,YES,YES,I,13,NA,1,d,,,0.75
Berkowitz,44,Berkowitz44,DJB,DONE,YES,YES,I,13,NA,1,f,,,0.75
Berkowitz,45,Berkowitz45,DJB,DONE,YES,YES,I,13,NA,1,A-,,,0.75
Berkowitz,46,Berkowitz46,DJB,DONE,YES,YES,I,13,NA,1,A-,,,0.75
Berkowitz,47,Berkowitz47,DJB,DONE,YES,YES,I,14,NA,1,C,,,0.75
Berkowitz,48,Berkowitz48,DJB,DONE,YES,YES,I,15,NA,1,B-,,,0.75
Berkowitz,49,Berkowitz49,DJB,DONE,YES,YES,I,15,NA,1,B-,,,0.75
Berkowitz,50,Berkowitz50,DJB,DONE,YES,YES,I,15,NA,1,E,,,0.75
Berkowitz,51,Berkowitz51,DJB,DONE,YES,YES,I,15,NA,1,E,,,0.75
Berkowitz,52,Berkowitz52,DJB,DONE,YES,YES,I,15,NA,1,E,,,0.75
Berkowitz,53,Berkowitz53,DJB,DONE,YES,YES,I,16,NA,1,A-,,,0.75
Berkowitz,54,Berkowitz54,DJB,DONE,YES,YES,I,16,NA,1,A-,,,0.75
Berkowitz,55,Berkowitz55,DJB,DONE,YES,YES,I,16,NA,1,A,,,0.75
Berkowitz,56,Berkowitz56,DJB,DONE,YES,YES,I,16,NA,1,D,,,0.75
Berkowitz,57,Berkowitz57,DJB,DONE,YES,YES,I,16,NA,1,G,,,0.75
Berkowitz,58,Berkowitz58,DJB,DONE,YES,YES,I,16,NA,1,C,,,0.75
Berkowitz,59,Berkowitz59,DJB,DONE,YES,YES,I,17,NA,1,C,,,0.75
Berkowitz,60,Berkowitz60,DJB,DONE,YES,YES,I,17,NA,1,C,,,0.75
Berkowitz,61,Berkowitz61,DJB,DONE,YES,YES,I,17,NA,1,D,,,0.75
Berkowitz,62,Berkowitz62,DJB,DONE,YES,YES,I,17,NA,1,E-,,,0.75
Berkowitz,63,Berkowitz63,DJB,DONE,YES,YES,I,17,NA,1,e,,,0.75
Berkowitz,64,Berkowitz64,DJB,DONE,YES,YES,I,18,NA,1,f#,,,0.75
Berkowitz,65,Berkowitz65,DJB,DONE,YES,YES,I,18,NA,1,f#,,,0.75
Berkowitz,66,Berkowitz66,DJB,DONE,YES,YES,I,18,NA,1,f,,,0.75
Berkowitz,67,Berkowitz67,DJB,DONE,YES,YES,I,18,NA,1,f,,,0.75
Berkowitz,68,Berkowitz68,DJB,DONE,YES,YES,I,18,NA,1,E-,,,0.75
Berkowitz,69,Berkowitz69,DJB,DONE,YES,YES,I,19,NA,1,A,,,0.75
Berkowitz,70,Berkowitz70,DJB,DONE,YES,YES,I,19,NA,1,d,,,0.75
Berkowitz,71,Berkowitz71,DJB,DONE,YES,YES,I,19,NA,1,C,,,0.75
Berkowitz,72,Berkowitz72,DJB,DONE,YES,YES,I,19,NA,1,E,,,0.75
Berkowitz,73,Berkowitz73,DJB,DONE,YES,YES,I,19,NA,1,C,,,0.75
Berkowitz,74,Berkowitz74,DJB,DONE,YES,YES,I,20,NA,1,D,,,0.75
Berkowitz,75,Berkowitz75,DJB,DONE,YES,YES,I,20,NA,1,d,,,0.75
Berkowitz,76,Berkowitz76,DJB,DONE,YES,YES,I,20,NA,1,D,,,0.75
Berkowitz,77,Berkowitz77,DJB,DONE,YES,YES,I,20,NA,1,d,,,0.75
Berkowitz,78,Berkowitz78,DJB,DONE,YES,YES,I,20,NA,1,D,,,0.75
Berkowitz,79,Berkowitz79,DJB,DONE,YES,YES,I,20,NA,1,d,,,0.75
Berkowitz,80,Berkowitz80,DJB,DONE,YES,YES,I,21,NA,1,C,,,0.75
Berkowitz,81,Berkowitz81,DJB,DONE,YES,YES,I,21,NA,1,B-,,,0.75
Berkowitz,82,Berkowitz82,DJB,DONE,YES,YES,I,21,NA,1,E-,,,0.75
Berkowitz,83,Berkowitz83,DJB,DONE,YES,YES,I,21,NA,1,A,,,0.75
Berkowitz,84,Berkowitz84,DJB,DONE,YES,YES,I,21,NA,1,E,,,0.75
Berkowitz,85,Berkowitz85,DJB,DONE,YES,YES,I,22,NA,1,e,,,0.75
Berkowitz,86,Berkowitz86,DJB,DONE,YES,YES,I,22,NA,1,d,,,0.75
Berkowitz,87,Berkowitz87,DJB,DONE,YES,YES,I,22,NA,1,A-,,,0.75
Berkowitz,88,Berkowitz88,DJB,DONE,YES,YES,I,22,NA,1,e,,,0.75
Berkowitz,89,Berkowitz89,DJB,DONE,YES,YES,I,22,NA,1,B-,,,0.75
Berkowitz,90,Berkowitz90,DJB,DONE,YES,YES,I,23,NA,1,B-,,,0.75
Berkowitz,91,Berkowitz91,DJB,DONE,YES,YES,I,23,NA,1,B-,,,0.75
Berkowitz,92,Berkowitz92,DJB,DONE,YES,YES,I,23,NA,1,E,,,0.75
Berkowitz,93,Berkowitz93,DJB,DONE,YES,YES,I,23,NA,1,e,,,0.75
Berkowitz,94,Berkowitz94,DJB,DONE,YES,YES,I,23,NA,1,C,,,0.75
Berkowitz,95,Berkowitz95,DJB,DONE,YES,YES,I,24,NA,1,G,,,0.75
Berkowitz,96,Berkowitz96,DJB,DONE,YES,YES,I,24,NA,1,c,,,0.75
Berkowitz,97,Berkowitz97,DJB,DONE,YES,YES,I,24,NA,1,c#,,,0.75
Berkowitz,98,Berkowitz98,DJB,DONE,YES,YES,I,24,NA,1,A,,,0.75
Berkowitz,99,Berkowitz99,DJB,DONE,YES,YES,I,25,NA,1,e,,,0.75
Berkowitz,100,Berkowitz100,DJB,DONE,YES,YES,I,25,NA,1,C,,,0.75
Berkowitz,101,Berkowitz101,DJB,DONE,YES,YES,I,25,NA,1,E-,,,0.75
Berkowitz,102,Berkowitz102,DJB,DONE,YES,YES,I,25,NA,1,f#,,,0.75
Berkowitz,103,Berkowitz103,DJB,DONE,YES,YES,I,26,NA,1,g,,,0.75
Berkowitz,104,Berkowitz104,DJB,DONE,YES,YES,I,26,NA,1,c,,,0.75
Berkowitz,105,Berkowitz105,DJB,DONE,YES,YES,I,26,NA,1,d,,,0.75
Berkowitz,106,Berkowitz106,DJB,DONE,YES,YES,I,26,NA,1,E-,,,0.75
Berkowitz,107,Berkowitz107,DJB,DONE,YES,YES,I,26,NA,1,D,,,0.75
Berkowitz,108,Berkowitz108,DJB,DONE,YES,YES,I,26,NA,1,d,,,0.75
Berkowitz,109,Berkowitz109,DJB,DONE,YES,YES,I,27,NA,1,D,,,0.75
Berkowitz,110,Berkowitz110,DJB,DONE,YES,YES,I,27,NA,1,d,,,0.75
Berkowitz,111,Berkowitz111,DJB,DONE,YES,YES,I,27,NA,1,d,,,0.75
Berkowitz,112,Berkowitz112,DJB,DONE,YES,YES,I,27,NA,1,D,,,0.75
Berkowitz,113,Berkowitz113,DJB,DONE,YES,YES,I,27,NA,1,d,,,0.75
Berkowitz,114,Berkowitz114,DJB,DONE,YES,YES,I,28,NA,1,D,,,0.75
Berkowitz,115,Berkowitz115,DJB,DONE,YES,YES,I,28,NA,1,E-,,,0.75
Berkowitz,116,Berkowitz116,DJB,DONE,YES,YES,I,28,NA,1,B,,,0.75
Berkowitz,117,Berkowitz117,DJB,DONE,YES,YES,I,28,NA,1,A-,,,0.75
Berkowitz,118,Berkowitz118,DJB,DONE,YES,YES,I,28,NA,1,D,,,0.75
Berkowitz,119,Berkowitz119,DJB,DONE,YES,YES,I,28,NA,1,D,,,0.75
Berkowitz,120,Berkowitz120,DJB,DONE,YES,YES,I,28,NA,1,E-,,,0.75
Berkowitz,121,Berkowitz121,DJB,DONE,YES,YES,I,29,NA,1,D,,,0.75
Berkowitz,122,Berkowitz122,DJB,DONE,YES,YES,I,29,NA,1,g,,,0.75
Berkowitz,123,Berkowitz123,DJB,DONE,YES,YES,I,29,NA,1,F,,,0.75
Berkowitz,124,Berkowitz124,DJB,DONE,YES,YES,I,29,NA,1,c#,,,0.75
Berkowitz,125,Berkowitz125,DJB,DONE,YES,YES,I,29,NA,1,g,,,0.75
Berkowitz,126,Berkowitz126,DJB,DONE,YES,YES,I,29,NA,1,A-,,,0.75
Berkowitz,127,Berkowitz127,DJB,DONE,YES,YES,I,30,NA,1,e,,,0.75
Berkowitz,128,Berkowitz128,DJB,DONE,YES,YES,I,30,NA,1,F,,,0.75
Berkowitz,129,Berkowitz129,DJB,DONE,YES,YES,I,30,NA,1,f,,,0.75
Berkowitz,130,Berkowitz130,DJB,DONE,YES,YES,I,30,NA,1,f,,,0.75
Berkowitz,131,Berkowitz131,DJB,DONE,YES,YES,I,30,NA,1,F,,,0.75
Berkowitz,132,Berkowitz132,DJB,DONE,YES,YES,I,30,NA,1,D,,,0.75
Berkowitz,133,Berkowitz133,DJB,DONE,YES,YES,I,30,NA,1,d,,,0.75
Berkowitz,134,Berkowitz134,DJB,DONE,YES,YES,I,30,NA,1,A,,,0.75
Berkowitz,135,Berkowitz135,DJB,DONE,YES,YES,I,31,NA,1,a,,,0.75
Berkowitz,136,Berkowitz136,DJB,DONE,YES,YES,I,31,NA,1,B,,,0.75
Berkowitz,137,Berkowitz137,DJB,DONE,YES,YES,I,31,NA,1,E,,,0.75
Berkowitz,138,Berkowitz138,DJB,DONE,YES,YES,I,31,NA,1,d,,,0.75
Berkowitz,139,Berkowitz139,DJB,DONE,YES,YES,I,32,NA,1,d,,,0.75
Berkowitz,140,Berkowitz140,DJB,DONE,YES,YES,I,32,NA,1,D-,,,0.75
Berkowitz,141,Berkowitz141,DJB,DONE,YES,YES,I,32,NA,1,D,,,0.75
Berkowitz,142,Berkowitz142,DJB,DONE,YES,YES,I,32,NA,1,g,,,0.75
Berkowitz,143,Berkowitz143,DJB,DONE,YES,YES,I,32,NA,1,G,,,0.75
Berkowitz,144,Berkowitz144,DJB,DONE,YES,YES,I,32,NA,1,E,,,0.75
Berkowitz,145,Berkowitz145,DJB,DONE,YES,YES,I,33,NA,1,E-,,,0.75
Berkowitz,146,Berkowitz146,DJB,DONE,YES,YES,I,33,NA,1,G,,,0.75
Berkowitz,147,Berkowitz147,DJB,DONE,YES,YES,I,33,NA,1,C,,,0.75
Berkowitz,148,Berkowitz148,DJB,DONE,YES,YES,I,33,NA,1,b,,,0.75
Berkowitz,149,Berkowitz149,DJB,DONE,YES,YES,I,33,NA,1,C,,,0.75
Berkowitz,150,Berkowitz150,DJB,DONE,YES,YES,I,34,NA,1,c,,,0.75
Berkowitz,151,Berkowitz151,DJB,DONE,YES,YES,I,34,NA,1,C,,,0.75
Berkowitz,152,Berkowitz152,DJB,DONE,YES,YES,I,34,NA,1,c,,,0.75
Berkowitz,153,Berkowitz153,DJB,DONE,YES,YES,I,34,NA,1,f,,,0.75
Berkowitz,154,Berkowitz154,DJB,DONE,YES,YES,I,34,NA,1,F,,,0.75
Berkowitz,155,Berkowitz155,DJB,DONE,YES,YES,I,35,NA,1,d,,,0.75
Berkowitz,156,Berkowitz156,DJB,DONE,YES,YES,I,35,NA,1,f#,,,0.75
Berkowitz,157,Berkowitz157,DJB,DONE,YES,YES,I,35,NA,1,B-,,,0.75
Berkowitz,158,Berkowitz158,DJB,DONE,YES,YES,I,35,NA,1,A-,,,0.75
Berkowitz,159,Berkowitz159,DJB,DONE,YES,YES,I,36,NA,1,F,,,0.75
Berkowitz,160,Berkowitz160,DJB,DONE,YES,YES,I,36,NA,1,f,,,0.75
Berkowitz,161,Berkowitz161,DJB,DONE,YES,YES,I,36,NA,1,e,,,0.75
Berkowitz,162,Berkowitz162,DJB,DONE,YES,YES,I,36,NA,1,b,,,0.75
Berkowitz,163,Berkowitz163,DJB,DONE,YES,YES,I,36,NA,1,f#,,,0.75
Berkowitz,164,Berkowitz164,DJB,DONE,YES,YES,I,36,NA,1,G,,,0.75
Berkowitz,165,Berkowitz165,DJB,DONE,YES,YES,I,37,NA,1,a,,,0.75
Berkowitz,166,Berkowitz166,DJB,DONE,YES,YES,I,37,NA,1,A,,,0.75
Berkowitz,167,Berkowitz167,DJB,DONE,YES,YES,I,37,NA,1,G,,,0.75
Berkowitz,168,Berkowitz168,DJB,DONE,YES,YES,I,38,NA,1,g,,,0.75
Berkowitz,169,Berkowitz169,DJB,DONE,YES,YES,I,38,NA,1,D,,,0.75
Berkowitz,170,Berkowitz170,DJB,DONE,YES,YES,I,38,NA,1,d,,,0.75
Berkowitz,171,Berkowitz171,DJB,DONE,YES,YES,I,39,NA,1,f,,,0.75
Berkowitz,172,Berkowitz172,DJB,DONE,YES,YES,I,39,NA,1,C,,,0.75
Berkowitz,173,Berkowitz173,DJB,DONE,YES,YES,I,39,NA,1,C,,,0.75
Berkowitz,174,Berkowitz174,DJB,DONE,YES,YES,I,40,NA,1,c,,,0.75
Berkowitz,175,Berkowitz175,DJB,DONE,YES,YES,I,40,NA,1,c,,,0.75
Berkowitz,176,Berkowitz176,DJB,DONE,YES,YES,I,40,NA,1,C,,,0.75
Berkowitz,177,Berkowitz177,DJB,DONE,YES,YES,I,40,NA,1,E,,,0.75
Berkowitz,178,Berkowitz178,DJB,DONE,YES,YES,I,40,NA,1,e,,,0.75
Berkowitz,179,Berkowitz179,DJB,DONE,YES,YES,I,41,NA,1,B-,,,0.75
Berkowitz,180,Berkowitz180,DJB,DONE,YES,YES,I,41,NA,1,f,,,0.75
Berkowitz,181,Berkowitz181,DJB,DONE,YES,YES,II,43,NA,1,D,,,0.75
Berkowitz,182,Berkowitz182,DJB,DONE,YES,YES,II,43,NA,1,E-,,,0.75
Berkowitz,183,Berkowitz183,DJB,DONE,YES,YES,II,43,NA,1,G,,,0.75
Berkowitz,184,Berkowitz184,DJB,DONE,YES,YES,II,44,NA,1,g,,,0.75
Berkowitz,185,Berkowitz185,DJB,DONE,YES,YES,II,44,NA,1,E-,,,0.75
Berkowitz,186,Berkowitz186,DJB,DONE,YES,YES,II,44,NA,1,D,,,0.75
Berkowitz,187,Berkowitz187,DJB,DONE,YES,YES,II,44,NA,1,A-,,,0.75
Berkowitz,188,Berkowitz188,DJB,DONE,YES,YES,II,45,NA,1,A-,,,0.75
Berkowitz,189,Berkowitz189,DJB,DONE,YES,YES,II,45,NA,1,A-,,,0.75
Berkowitz,190,Berkowitz190,DJB,DONE,YES,YES,II,45,NA,1,E-,,,0.75
Berkowitz,191,Berkowitz191,DJB,DONE,YES,YES,II,45,NA,1,b,,,0.75
Berkowitz,192,Berkowitz192,DJB,DONE,YES,YES,II,45,NA,1,d,,,0.75
Berkowitz,193,Berkowitz193,DJB,DONE,YES,YES,II,45,NA,1,E-,,,0.75
Berkowitz,194,Berkowitz194,DJB,DONE,YES,YES,II,46,NA,1,E,,,0.75
Berkowitz,195,Berkowitz195,DJB,DONE,YES,YES,II,46,NA,1,E-,,,0.75
Berkowitz,196,Berkowitz196,DJB,DONE,YES,YES,II,46,NA,1,E-,,,0.75
Berkowitz,197,Berkowitz197,DJB,DONE,YES,YES,II,46,NA,1,g,,,0.75
Berkowitz,198,Berkowitz198,DJB,DONE,YES,YES,II,46,NA,1,f,,,0.75
Berkowitz,199,Berkowitz199,DJB,DONE,YES,YES,II,46,NA,1,A-,,,0.75
Berkowitz,200,Berkowitz200,DJB,DONE,YES,YES,II,46,NA,1,b-,,,0.75
Berkowitz,201,Berkowitz201,DJB,DONE,YES,YES,II,46,NA,1,A,,,0.75
Berkowitz,202,Berkowitz202,DJB,DONE,YES,YES,II,46,NA,1,F,,,0.75
Berkowitz,203,Berkowitz203,DJB,DONE,YES,YES,II,46,NA,1,G,,,0.75
Berkowitz,204,Berkowitz204,DJB,DONE,YES,YES,II,46,NA,1,D,,,0.75
Berkowitz,205,Berkowitz205,DJB,DONE,YES,YES,II,46,NA,1,E,,,0.75
Berkowitz,206,Berkowitz206,DJB,DONE,YES,YES,II,46,NA,1,d,,,0.75
Berkowitz,207,Berkowitz207,DJB,DONE,YES,YES,II,46,NA,1,E-,,,0.75
Berkowitz,208,Berkowitz208,DJB,DONE,YES,YES,II,46,NA,1,E,,,0.75
Berkowitz,209,Berkowitz209,DJB,DONE,YES,YES,II,46,NA,1,f#,,,0.75
Berkowitz,210,Berkowitz210,DJB,DONE,YES,YES,II,46,NA,1,D,,,0.75
Berkowitz,211,Berkowitz211,DJB,DONE,YES,YES,II,49,NA,1,E-,,,0.75
Berkowitz,212,Berkowitz212,DJB,DONE,YES,YES,II,49,NA,1,d,,,0.75
Berkowitz,213,Berkowitz213,DJB,DONE,YES,YES,II,50,NA,1,c#,,,0.75
Berkowitz,214,Berkowitz214,DJB,DONE,YES,YES,II,50,NA,1,D,,,0.75
Berkowitz,215,Berkowitz215,DJB,DONE,YES,YES,II,50,NA,1,c,,,0.75
Berkowitz,216,Berkowitz216,DJB,DONE,YES,YES,II,50,NA,1,B-,,,0.75
Berkowitz,217,Berkowitz217,DJB,DONE,YES,YES,II,50,NA,1,F,,,0.75
Berkowitz,218,Berkowitz218,DJB,DONE,YES,YES,II,50,NA,1,D,,,0.75
Berkowitz,219,Berkowitz219,DJB,DONE,YES,YES,II,51,NA,1,A,,,0.75
Berkowitz,220,Berkowitz220,DJB,DONE,YES,YES,II,51,NA,1,b,,,0.75
Berkowitz,221,Berkowitz221,DJB,DONE,YES,YES,II,51,NA,1,D-,,,0.75
Berkowitz,222,Berkowitz222,DJB,DONE,YES,YES,II,51,NA,1,E-,,,0.75
Berkowitz,223,Berkowitz223,DJB,DONE,YES,YES,II,51,NA,1,E,,,0.75
Berkowitz,224,Berkowitz224,DJB,DONE,YES,YES,II,52,NA,1,G,,,0.75
Berkowitz,225,Berkowitz225,DJB,DONE,YES,YES,II,52,NA,1,F,,,0.75
Berkowitz,226,Berkowitz226,DJB,DONE,YES,YES,II,52,NA,1,A,,,0.75
Berkowitz,227,Berkowitz227,DJB,DONE,YES,YES,II,52,NA,1,f,,,0.75
Berkowitz,228,Berkowitz228,DJB,DONE,YES,YES,II,52,NA,1,e,,,0.75
Berkowitz,229,Berkowitz229,DJB,DONE,YES,YES,II,53,NA,1,C,,,0.75
Berkowitz,230,Berkowitz230,DJB,DONE,YES,YES,II,53,NA,1,b-,,,0.75
Berkowitz,231,Berkowitz231,DJB,DONE,YES,YES,II,53,NA,1,E,,,0.75
Berkowitz,232,Berkowitz232,DJB,DONE,YES,YES,II,53,NA,1,d,,,0.75
Berkowitz,233,Berkowitz233,DJB,DONE,YES,YES,II,53,NA,1,A-,,,0.75
Berkowitz,234,Berkowitz234,DJB,DONE,YES,YES,II,54,NA,1,B-,,,0.75
Berkowitz,235,Berkowitz235,DJB,DONE,YES,YES,II,54,NA,1,C,,,0.75
Berkowitz,236,Berkowitz236,DJB,DONE,YES,YES,II,54,NA,1,d,,,0.75
Berkowitz,237,Berkowitz237,DJB,DONE,YES,YES,II,54,NA,1,e,,,0.75
Berkowitz,238,Berkowitz238,DJB,DONE,YES,YES,II,55,NA,1,d,,,0.75
Berkowitz,239,Berkowitz239,DJB,DONE,YES,YES,II,55,NA,1,f,,,0.75
Berkowitz,240,Berkowitz240,DJB,DONE,YES,YES,II,55,NA,1,g,,,0.75
Berkowitz,241,Berkowitz241,DJB,DONE,YES,YES,II,55,NA,1,g,,,0.75
Berkowitz,242,Berkowitz242,DJB,DONE,YES,YES,II,56,NA,1,d,,,0.75
Berkowitz,243,Berkowitz243,DJB,DONE,YES,YES,II,56,NA,1,D,,,0.75
Berkowitz,244,Berkowitz244,DJB,DONE,YES,YES,II,56,NA,1,f#,,,0.75
Berkowitz,245,Berkowitz245,DJB,DONE,YES,YES,II,56,NA,1,D-,,,0.75
Berkowitz,246,Berkowitz246,DJB,DONE,YES,YES,II,57,NA,1,E-,,,0.75
Berkowitz,247,Berkowitz247,DJB,DONE,YES,YES,II,57,NA,1,A-,,,0.75
Berkowitz,248,Berkowitz248,DJB,DONE,YES,YES,II,57,NA,1,c,,,0.75
Berkowitz,249,Berkowitz249,DJB,DONE,YES,YES,II,57,NA,1,G,,,0.75
Berkowitz,250,Berkowitz250,DJB,DONE,YES,YES,II,58,NA,1,b,,,0.75
Berkowitz,251,Berkowitz251,DJB,DONE,YES,YES,II,58,NA,1,F,,,0.75
Berkowitz,252,Berkowitz252,DJB,DONE,YES,YES,II,58,NA,1,D,,,0.75
Berkowitz,253,Berkowitz253,DJB,DONE,YES,YES,II,58,NA,1,D-,,,0.75
Berkowitz,254,Berkowitz254,DJB,DONE,YES,YES,II,59,NA,1,B-,,,0.75
Berkowitz,255,Berkowitz255,DJB,DONE,YES,YES,II,59,NA,1,F,,,0.75
Berkowitz,256,Berkowitz256,DJB,DONE,YES,YES,II,59,NA,1,A-,,,0.75
Berkowitz,257,Berkowitz257,DJB,DONE,YES,YES,II,60,NA,1,E-,,,0.75
Berkowitz,258,Berkowitz258,DJB,DONE,YES,YES,II,60,NA,1,g,,,0.75
Berkowitz,259,Berkowitz259,DJB,DONE,YES,YES,II,60,NA,1,G,,,0.75
Berkowitz,260,Berkowitz260,DJB,DONE,YES,YES,II,60,NA,1,f#,,,0.75
Berkowitz,261,Berkowitz261,DJB,DONE,YES,YES,II,61,NA,1,c#,,,0.75
Berkowitz,262,Berkowitz262,DJB,DONE,YES,YES,II,61,NA,1,B-,,,0.75
Berkowitz,263,Berkowitz263,DJB,DONE,YES,YES,II,61,NA,1,A-,,,0.75
Berkowitz,264,Berkowitz264,DJB,DONE,YES,YES,II,62,NA,1,e,,,0.75
Berkowitz,265,Berkowitz265,DJB,DONE,YES,YES,II,62,NA,1,A,,,0.75
Berkowitz,266,Berkowitz266,DJB,DONE,YES,YES,II,62,NA,1,B-,,,0.75
Berkowitz,267,Berkowitz267,DJB,DONE,YES,YES,II,62,NA,1,c,,,0.75
Berkowitz,268,Berkowitz268,DJB,DONE,YES,YES,II,63,NA,1,A,,,0.75
Berkowitz,269,Berkowitz269,DJB,DONE,YES,YES,II,63,NA,1,f,,,0.75
Berkowitz,270,Berkowitz270,DJB,DONE,YES,YES,II,63,NA,1,g,,,0.75
Berkowitz,271,Berkowitz271,DJB,DONE,YES,YES,II,64,NA,1,D,,,0.75
Berkowitz,272,Berkowitz272,DJB,DONE,YES,YES,II,64,NA,1,f,,,0.75
Berkowitz,273,Berkowitz273,DJB,DONE,YES,YES,II,65,NA,1,G,,,0.75
Berkowitz,274,Berkowitz274,DJB,DONE,YES,YES,II,65,NA,1,A,,,0.75
Berkowitz,275,Berkowitz275,DJB,DONE,YES,YES,II,65,NA,1,e,,,0.75
Berkowitz,276,Berkowitz276,DJB,DONE,YES,YES,II,66,NA,1,d,Dorian,,0.75
Berkowitz,277,Berkowitz277,DJB,DONE,YES,YES,II,66,NA,1,g,Dorian,,0.75
Berkowitz,278,Berkowitz278,DJB,DONE,YES,YES,II,66,NA,1,g,Dorian,,0.75
Berkowitz,279,Berkowitz279,DJB,DONE,YES,YES,II,66,NA,1,g,Dorian,,0.75
Berkowitz,280,Berkowitz280,DJB,DONE,YES,YES,II,67,NA,1,e,Phrygian,,0.75
Berkowitz,281,Berkowitz281,DJB,DONE,YES,YES,II,67,NA,1,B-,Mixolydian,,0.75
Berkowitz,282,Berkowitz282,DJB,DONE,YES,YES,II,67,NA,1,G,Mixolydian,,0.75
Berkowitz,283,Berkowitz283,DJB,DONE,YES,YES,II,67,NA,1,G,Mixolydian,,0.75
Berkowitz,284,Berkowitz284,DJB,DONE,YES,YES,II,68,NA,1,D,Mixolydian,,0.75
Berkowitz,285,Berkowitz285,DJB,DONE,YES,YES,II,68,NA,1,a,Aeolian,,0.75
Berkowitz,286,Berkowitz286,DJB,DONE,YES,YES,II,68,NA,1,a,Aeolian,,0.75
Berkowitz,287,Berkowitz287,DJB,DONE,YES,YES,II,68,NA,1,d,Aeolian,,0.75
Berkowitz,288,Berkowitz288,DJB,DONE,YES,YES,III,69,NA,1,d,,,0.75
Berkowitz,289,Berkowitz289,DJB,DONE,YES,YES,III,69,NA,1,D,,,0.75
Berkowitz,290,Berkowitz290,DJB,DONE,YES,YES,III,69,NA,1,d,,,0.75
Berkowitz,291,Berkowitz291,DJB,DONE,YES,YES,III,69,NA,1,E,,,0.75
Berkowitz,292,Berkowitz292,DJB,DONE,YES,YES,III,70,NA,1,G,,,0.75
Berkowitz,293,Berkowitz293,DJB,DONE,YES,YES,III,70,NA,1,C,,,0.75
Berkowitz,294,Berkowitz294,DJB,DONE,YES,YES,III,70,NA,1,G,,,0.75
Berkowitz,295,Berkowitz295,DJB,DONE,YES,YES,III,71,NA,1,F,,,0.75
Berkowitz,296,Berkowitz296,DJB,DONE,YES,YES,III,71,NA,1,b,,,0.75
Berkowitz,297,Berkowitz297,DJB,DONE,YES,YES,III,71,NA,1,F,,,0.75
Berkowitz,298,Berkowitz298,DJB,DONE,YES,YES,III,71,NA,1,E-,,,0.75
Berkowitz,299,Berkowitz299,DJB,DONE,YES,YES,III,72,NA,1,E-,,,0.75
Berkowitz,300,Berkowitz300,DJB,DONE,YES,YES,III,72,NA,1,F,,,0.75
Berkowitz,301,Berkowitz301,DJB,DONE,YES,YES,III,72,NA,1,b-,,,0.75
Berkowitz,302,Berkowitz302,DJB,DONE,YES,YES,III,72,NA,1,e,,,0.75
Berkowitz,303,Berkowitz303,DJB,DONE,YES,YES,III,73,NA,1,d,,,0.75
Berkowitz,304,Berkowitz304,DJB,DONE,YES,YES,III,73,NA,1,E-,,,0.75
Berkowitz,305,Berkowitz305,DJB,DONE,YES,YES,III,73,NA,1,D,,,0.75
Berkowitz,306,Berkowitz306,DJB,DONE,YES,YES,III,74,NA,1,D,,,0.75
Berkowitz,307,Berkowitz307,DJB,DONE,YES,YES,III,74,NA,1,g,,,0.75
Berkowitz,308,Berkowitz308,DJB,DONE,YES,YES,III,74,NA,1,E,,,0.75
Berkowitz,309,Berkowitz309,DJB,DONE,YES,YES,III,75,NA,1,a,,,0.75
Berkowitz,310,Berkowitz310,DJB,DONE,YES,YES,III,75,NA,1,D,,,0.75
Berkowitz,311,Berkowitz311,DJB,DONE,YES,YES,III,75,NA,1,d,,,0.75
Berkowitz,312,Berkowitz312,DJB,DONE,YES,YES,III,75,NA,1,D,,,0.75
Berkowitz,313,Berkowitz313,DJB,DONE,YES,YES,III,75,NA,1,F,,,0.75
Berkowitz,314,Berkowitz314,DJB,DONE,YES,YES,III,76,NA,1,B-,,,0.75
Berkowitz,315,Berkowitz315,DJB,DONE,YES,YES,III,76,NA,1,e,,,0.75
Berkowitz,316,Berkowitz316,DJB,DONE,YES,YES,III,76,NA,1,c#,,,0.75
Berkowitz,317,Berkowitz317,DJB,DONE,YES,YES,III,77,NA,1,g,,,0.75
Berkowitz,318,Berkowitz318,DJB,DONE,YES,YES,III,77,NA,1,D,,,0.75
Berkowitz,319,Berkowitz319,DJB,DONE,YES,YES,III,77,NA,1,C,Lydian,,0.75
Berkowitz,320,Berkowitz320,DJB,DONE,YES,YES,III,77,NA,1,A,Ionian,,0.75
Berkowitz,321,Berkowitz321,DJB,DONE,YES,YES,III,78,NA,1,f#,,,0.75
Berkowitz,322,Berkowitz322,DJB,DONE,YES,YES,III,78,NA,1,F,,,0.75
Berkowitz,323,Berkowitz323,DJB,DONE,YES,YES,III,78,NA,1,C,,,0.75
Berkowitz,324,Berkowitz324,DJB,DONE,YES,YES,III,78,NA,1,f#,,,0.75
Berkowitz,325,Berkowitz325,DJB,DONE,YES,YES,III,79,NA,1,E,,,0.75
Berkowitz,326,Berkowitz326,DJB,DONE,YES,YES,III,79,NA,1,c,,,0.75
Berkowitz,327,Berkowitz327,DJB,DONE,YES,YES,III,79,NA,1,b,,,0.75
Berkowitz,328,Berkowitz328,DJB,DONE,YES,YES,III,80,NA,1,D,,,0.75
Berkowitz,329,Berkowitz329,DJB,DONE,YES,YES,III,80,NA,1,F,,,0.75
Berkowitz,330,Berkowitz330,DJB,DONE,YES,YES,III,80,NA,1,b,,,0.75
Berkowitz,331,Berkowitz331,DJB,DONE,YES,YES,III,80,NA,1,B,,,0.75
Berkowitz,332,Berkowitz332,DJB,DONE,YES,YES,III,81,NA,1,d,,,0.75
Berkowitz,333,Berkowitz333,DJB,DONE,YES,YES,III,81,NA,1,A-,,,0.75
Berkowitz,334,Berkowitz334,DJB,DONE,YES,YES,III,81,NA,1,d,,,0.75
Berkowitz,335,Berkowitz335,DJB,DONE,YES,YES,III,82,NA,1,F,,,0.75
Berkowitz,336,Berkowitz336,DJB,DONE,YES,YES,III,82,NA,1,F#,,,0.75
Berkowitz,337,Berkowitz337,DJB,DONE,YES,YES,III,82,NA,1,D,,,0.75
Berkowitz,338,Berkowitz338,DJB,DONE,YES,YES,III,82,NA,1,B,,,0.75
Berkowitz,339,Berkowitz339,DJB,DONE,YES,YES,III,83,NA,1,F,,,0.75
Berkowitz,340,Berkowitz340,DJB,DONE,YES,YES,III,83,NA,1,F,,,0.75
Berkowitz,341,Berkowitz341,DJB,DONE,YES,YES,III,83,NA,1,F,,,0.75
Berkowitz,342,Berkowitz342,DJB,DONE,YES,YES,III,83,NA,1,f,,,0.75
Berkowitz,343,Berkowitz343,DJB,DONE,YES,YES,III,84,NA,1,G,,,0.75
Berkowitz,344,Berkowitz344,DJB,DONE,YES,YES,III,84,NA,1,B-,,,0.75
Berkowitz,345,Berkowitz345,DJB,DONE,YES,YES,III,84,NA,1,E-,,,0.75
Berkowitz,346,Berkowitz346,DJB,DONE,YES,YES,III,84,NA,1,e,,,0.75
Berkowitz,347,Berkowitz347,DJB,DONE,YES,YES,III,84,NA,1,E-,,,0.75
Berkowitz,348,Berkowitz348,DJB,DONE,YES,YES,III,85,NA,1,C,,,0.75
Berkowitz,349,Berkowitz349,DJB,DONE,YES,YES,III,85,NA,1,F,,,0.75
Berkowitz,350,Berkowitz350,DJB,DONE,YES,YES,III,85,NA,1,B-,,,0.75
Berkowitz,351,Berkowitz351,DJB,DONE,YES,YES,III,86,NA,1,F,,,0.75
Berkowitz,352,Berkowitz352,DJB,DONE,YES,YES,III,86,NA,1,F,,,0.75
Berkowitz,353,Berkowitz353,DJB,DONE,YES,YES,III,86,NA,1,A,,,0.75
Berkowitz,354,Berkowitz354,DJB,DONE,YES,YES,III,86,NA,1,e,,,0.75
Berkowitz,355,Berkowitz355,DJB,DONE,YES,YES,III,87,NA,1,E-,,,0.75
Berkowitz,356,Berkowitz356,DJB,DONE,YES,YES,III,87,NA,1,D,,,0.75
Berkowitz,357,Berkowitz357,DJB,DONE,YES,YES,III,87,NA,1,D,,,0.75
Berkowitz,358,Berkowitz358,DJB,DONE,YES,YES,III,87,NA,1,d,,,0.75
Berkowitz,359,Berkowitz359,DJB,DONE,YES,YES,III,88,NA,1,A-,,,0.75
Berkowitz,360,Berkowitz360,DJB,DONE,YES,YES,III,88,NA,1,F,,,0.75
Berkowitz,361,Berkowitz361,DJB,DONE,YES,YES,III,88,NA,1,a,,,0.75
Berkowitz,362,Berkowitz362,DJB,DONE,YES,YES,III,89,NA,1,D,,,0.75
Berkowitz,363,Berkowitz363,DJB,DONE,YES,YES,III,89,NA,1,D,,,0.75
Berkowitz,364,Berkowitz364,DJB,DONE,YES,YES,III,89,NA,1,e,,,0.75
Berkowitz,365,Berkowitz365,DJB,DONE,YES,YES,III,90,NA,1,E-,,,0.75
Berkowitz,366,Berkowitz366,DJB,DONE,YES,YES,III,90,NA,1,D,,,0.75
Berkowitz,367,Berkowitz367,DJB,DONE,YES,YES,III,90,NA,1,D,,,0.75
Berkowitz,368,Berkowitz368,DJB,DONE,YES,YES,III,90,NA,1,B,,,0.75
Berkowitz,369,Berkowitz369,DJB,DONE,YES,YES,III,91,NA,1,a,,,0.75
Berkowitz,370,Berkowitz370,DJB,DONE,YES,YES,III,91,NA,1,G-,,,0.75
Berkowitz,371,Berkowitz371,DJB,DONE,YES,YES,III,91,NA,1,E-,,,0.75
Berkowitz,372,Berkowitz372,DJB,DONE,YES,YES,III,91,NA,1,f#,,,0.75
Berkowitz,373,Berkowitz373,DJB,DONE,YES,YES,III,92,NA,1,A-,,,0.75
Berkowitz,374,Berkowitz374,DJB,DONE,YES,YES,III,82,NA,1,D,,,0.75
Berkowitz,375,Berkowitz375,DJB,DONE,YES,YES,III,82,NA,1,G,,,0.75
Berkowitz,376,Berkowitz376,DJB,DONE,YES,YES,III,82,NA,1,G,,,0.75
Berkowitz,377,Berkowitz377,DJB,DONE,YES,YES,III,93,NA,1,G,,,0.75
Berkowitz,378,Berkowitz378,DJB,DONE,YES,YES,III,93,NA,1,B-,,,0.75
Berkowitz,379,Berkowitz379,DJB,DONE,YES,YES,III,93,NA,1,D,,,0.75
Berkowitz,380,Berkowitz380,DJB,DONE,YES,YES,III,93,NA,1,F,,,0.75
Berkowitz,381,Berkowitz381,DJB,DONE,YES,YES,III,94,NA,1,b,,,0.75
Berkowitz,382,Berkowitz382,DJB,DONE,YES,YES,III,94,NA,1,B,,,0.75
Berkowitz,383,Berkowitz383,DJB,DONE,YES,YES,III,94,NA,1,e,,,0.75
Berkowitz,384,Berkowitz384,DJB,DONE,YES,YES,III,94,NA,1,F,,,0.75
Berkowitz,385,Berkowitz385,DJB,DONE,YES,YES,III,95,NA,1,f,,,0.75
Berkowitz,386,Berkowitz386,DJB,DONE,YES,YES,III,95,NA,1,e,,,0.75
Berkowitz,387,Berkowitz387,DJB,DONE,YES,YES,III,95,NA,1,G,,,0.75
Berkowitz,388,Berkowitz388,DJB,DONE,YES,YES,III,95,NA,1,B-,,,0.75
Berkowitz,389,Berkowitz389,DJB,DONE,YES,YES,III,96,NA,1,f#,,,0.75
Berkowitz,390,Berkowitz390,DJB,DONE,YES,YES,III,96,NA,1,B-,,,0.75
Berkowitz,391,Berkowitz391,DJB,DONE,YES,YES,III,96,NA,1,e,,,0.75
Berkowitz,392,Berkowitz392,DJB,DONE,YES,YES,III,97,NA,1,G,,,0.75
Berkowitz,393,Berkowitz393,DJB,DONE,YES,YES,III,97,NA,1,D,,,0.75
Berkowitz,394,Berkowitz394,DJB,DONE,YES,YES,III,97,NA,1,c,,,0.75
Berkowitz,395,Berkowitz395,DJB,DONE,YES,YES,III,97,NA,1,D,,,0.75
Berkowitz,396,Berkowitz396,DJB,DONE,YES,YES,III,98,NA,1,E-,,,0.75
Berkowitz,397,Berkowitz397,DJB,DONE,YES,YES,III,98,NA,1,E,,,0.75
Berkowitz,398,Berkowitz398,DJB,DONE,YES,YES,III,98,NA,1,A-,,,0.75
Berkowitz,399,Berkowitz399,DJB,DONE,YES,YES,III,98,NA,1,f,,,0.75
Berkowitz,400,Berkowitz400,DJB,DONE,YES,YES,III,99,NA,1,G,,,0.75
Berkowitz,401,Berkowitz401,DJB,DONE,YES,YES,III,99,NA,1,g,,,0.75
Berkowitz,402,Berkowitz402,DJB,DONE,YES,YES,III,99,NA,1,b,,,0.75
Berkowitz,403,Berkowitz403,DJB,DONE,YES,YES,III,100,NA,1,B,,,0.75
Berkowitz,404,Berkowitz404,DJB,DONE,YES,YES,III,100,NA,1,G,,,0.75
Berkowitz,405,Berkowitz405,DJB,DONE,YES,YES,III,100,NA,1,D,,,0.75
Berkowitz,406,Berkowitz406,DJB,DONE,YES,YES,III,101,NA,1,F,,,0.75
Berkowitz,407,Berkowitz407,DJB,DONE,YES,YES,III,101,NA,1,f#,,,0.75
Berkowitz,408,Berkowitz408,DJB,DONE,YES,YES,III,101,NA,1,C,,,0.75
Berkowitz,409,Berkowitz409,DJB,DONE,YES,YES,III,102,NA,1,c,,,0.75
Berkowitz,410,Berkowitz410,DJB,DONE,YES,YES,III,102,NA,1,F,,,0.75
Berkowitz,411,Berkowitz411,DJB,DONE,YES,YES,III,102,NA,1,e,,,0.75
Berkowitz,412,Berkowitz412,DJB,DONE,YES,YES,III,102,NA,1,c#,,,0.75
Berkowitz,413,Berkowitz413,DJB,DONE,YES,YES,IV,103,NA,1,C,,,0.75
Berkowitz,414,Berkowitz414,DJB,DONE,YES,YES,IV,103,NA,1,G,,,0.75
Berkowitz,415,Berkowitz415,DJB,DONE,YES,YES,IV,103,NA,1,f,,,0.75
Berkowitz,416,Berkowitz416,DJB,DONE,YES,YES,IV,103,NA,1,a,,,0.75
Berkowitz,417,Berkowitz417,DJB,DONE,YES,YES,IV,104,NA,1,F,,,1
Berkowitz,418,Berkowitz418,DJB,DONE,YES,YES,IV,104,NA,1,C,,,1
Berkowitz,419,Berkowitz419,DJB,DONE,YES,YES,IV,104,NA,1,E-,,,1
Berkowitz,420,Berkowitz420,DJB,DONE,YES,YES,IV,104,NA,1,B-,,,1
Berkowitz,421,Berkowitz421,DJB,DONE,YES,YES,IV,105,NA,1,f#,,,1
Berkowitz,422,Berkowitz422,DJB,DONE,YES,YES,IV,105,NA,1,E-,,,1
Berkowitz,423,Berkowitz423,DJB,DONE,YES,YES,IV,105,NA,1,E-,,,0.75
Berkowitz,424,Berkowitz424,DJB,DONE,YES,YES,IV,105,NA,1,b-,,,1
Berkowitz,425,Berkowitz425,DJB,DONE,YES,YES,IV,106,NA,1,B-,,,1
Berkowitz,426,Berkowitz426,,,,NO,,,,1,,,,1
Berkowitz,427,Berkowitz427,,,,NO,,,,1,,,,1
Berkowitz,428,Berkowitz428,,,,NO,,,,1,,,,1
Berkowitz,429,Berkowitz429,,,,NO,,,,1,,,,1
Berkowitz,430,Berkowitz430,,,,NO,,,,1,,,,1
Berkowitz,431,Berkowitz431,,,,NO,,,,1,,,,1
Berkowitz,432,Berkowitz432,,,,NO,,,,1,,,,1
Berkowitz,433,Berkowitz433,,,,NO,,,,1,,,,1
Berkowitz,434,Berkowitz434,,,,NO,,,,1,,,,1
Berkowitz,435,Berkowitz435,,,,NO,,,,1,,,,1
Berkowitz,436,Berkowitz436,,,,NO,,,,1,,,,1
Berkowitz,437,Berkowitz437,,,,NO,,,,1,,,,1
Berkowitz,438,Berkowitz438,,,,NO,,,,1,,,,1
Berkowitz,439,Berkowitz439,,,,NO,,,,1,,,,1
Berkowitz,440,Berkowitz440,,,,NO,,,,1,,,,1
Berkowitz,441,Berkowitz441,,,,NO,,,,1,,,,1
Berkowitz,442,Berkowitz442,,,,NO,,,,1,,,,1
Berkowitz,443,Berkowitz443,,,,NO,,,,1,,,,1
Berkowitz,444,Berkowitz444,,,,NO,,,,1,,,,1
Berkowitz,445,Berkowitz445,,,,NO,,,,1,,,,1
Berkowitz,446,Berkowitz446,,,,NO,,,,1,,,,1
Berkowitz,447,Berkowitz447,,,,NO,,,,1,,,,1
Berkowitz,448,Berkowitz448,,,,NO,,,,1,,,,1
Berkowitz,449,Berkowitz449,,,,NO,,,,1,,,,1
Berkowitz,450,Berkowitz450,,,,NO,,,,1,,,,1
Berkowitz,451,Berkowitz451,,,,NO,,,,1,,,,1
Berkowitz,452,Berkowitz452,,,,NO,,,,1,,,,1
Berkowitz,453,Berkowitz453,,,,NO,,,,1,,,,1
Berkowitz,454,Berkowitz454,,,,NO,,,,1,,,,1
Berkowitz,455,Berkowitz455,,,,NO,,,,1,,,,1
Berkowitz,456,Berkowitz456,,,,NO,,,,1,,,,1
Berkowitz,457,Berkowitz457,,,,NO,,,,1,,,,1
Berkowitz,458,Berkowitz458,,,,NO,,,,1,,,,1
Berkowitz,459,Berkowitz459,,,,NO,,,,1,,,,1
Berkowitz,460,Berkowitz460,,,,NO,,,,1,,,,1
Berkowitz,461,Berkowitz461,,,,NO,,,,1,,,,1
Berkowitz,462,Berkowitz462,,,,NO,,,,1,,,,1
Berkowitz,463,Berkowitz463,,,,NO,,,,1,,,,1
Berkowitz,464,Berkowitz464,,,,NO,,,,1,,,,1
Berkowitz,465,Berkowitz465,,,,NO,,,,1,,,,1
Berkowitz,466,Berkowitz466,,,,NO,,,,1,,,,1
Berkowitz,467,Berkowitz467,,,,NO,,,,1,,,,1
Berkowitz,468,Berkowitz468,,,,NO,,,,1,,,,1
Berkowitz,469,Berkowitz469,,,,NO,,,,1,,,,1
Berkowitz,470,Berkowitz470,,,,NO,,,,1,,,,1
Berkowitz,471,Berkowitz471,,,,NO,,,,1,,,,1
Berkowitz,472,Berkowitz472,,,,NO,,,,1,,,,1
Berkowitz,473,Berkowitz473,,,,NO,,,,1,,,,1
Berkowitz,474,Berkowitz474,,,,NO,,,,1,,,,1
Berkowitz,475,Berkowitz475,,,,NO,,,,1,,,,1
Berkowitz,476,Berkowitz476,,,,NO,,,,1,,,,1
Berkowitz,477,Berkowitz477,,,,NO,,,,1,,,,1
Berkowitz,478,Berkowitz478,,,,NO,,,,1,,,,1
Berkowitz,479,Berkowitz479,,,,NO,,,,1,,,,1
Berkowitz,480,Berkowitz480,,,,NO,,,,1,,,,1
Berkowitz,481,Berkowitz481,,,,NO,,,,1,,,,1
Berkowitz,482,Berkowitz482,,,,NO,,,,1,,,,1
Berkowitz,483,Berkowitz483,,,,NO,,,,1,,,,1
Berkowitz,484,Berkowitz484,,,,NO,,,,1,,,,1
Berkowitz,485,Berkowitz485,,,,NO,,,,1,,,,1
Berkowitz,486,Berkowitz486,,,,NO,,,,1,,,,1
Berkowitz,487,Berkowitz487,,,,NO,,,,1,,,,1
Berkowitz,488,Berkowitz488,,,,NO,,,,1,,,,1
Berkowitz,489,Berkowitz489,,,,NO,,,,1,,,,1
Berkowitz,490,Berkowitz490,,,,NO,,,,1,,,,1
Berkowitz,491,Berkowitz491,,,,NO,,,,1,,,,1
Berkowitz,492,Berkowitz492,,,,NO,,,,1,,,,1
Berkowitz,493,Berkowitz493,,,,NO,,,,1,,,,1
Berkowitz,494,Berkowitz494,,,,NO,,,,1,,,,1
Berkowitz,495,Berkowitz495,,,,NO,,,,1,,,,1
Berkowitz,496,Berkowitz496,,,,NO,,,,1,,,,1
Berkowitz,497,Berkowitz497,,,,NO,,,,1,,,,1
Berkowitz,498,Berkowitz498,,,,NO,,,,1,,,,1
Berkowitz,499,Berkowitz499,,,,NO,,,,1,,,,1
Berkowitz,500,Berkowitz500,,,,NO,,,,1,,,,1
Berkowitz,501,Berkowitz501,,,,NO,,,,1,,,,1
Berkowitz,502,Berkowitz502,,,,NO,,,,1,,,,1
Berkowitz,503,Berkowitz503,,,,NO,,,,1,,,,1
Berkowitz,504,Berkowitz504,,,,NO,,,,1,,,,1
Berkowitz,505,Berkowitz505,,,,NO,,,,1,,,,1
Berkowitz,506,Berkowitz506,,,,NO,,,,1,,,,1
Berkowitz,507,Berkowitz507,,,,NO,,,,1,,,,1
Berkowitz,508,Berkowitz508,,,,NO,,,,1,,,,1
Berkowitz,509,Berkowitz509,,,,NO,,,,1,,,,1
Berkowitz,510,Berkowitz510,,,,NO,,,,1,,,,1
Berkowitz,511,Berkowitz511,,,,NO,,,,1,,,,1
Berkowitz,512,Berkowitz512,,,,NO,,,,1,,,,1
Berkowitz,513,Berkowitz513,,,,NO,,,,1,,,,1
Berkowitz,514,Berkowitz514,,,,NO,,,,1,,,,1
Berkowitz,515,Berkowitz515,,,,NO,,,,1,,,,1
Berkowitz,516,Berkowitz516,,,,NO,,,,1,,,,1
Berkowitz,517,Berkowitz517,,,,NO,,,,1,,,,1
Berkowitz,518,Berkowitz518,,,,NO,,,,1,,,,1
Berkowitz,519,Berkowitz519,,,,NO,,,,1,,,,1
Berkowitz,520,Berkowitz520,,,,NO,,,,1,,,,1
Berkowitz,521,Berkowitz521,,,,NO,,,,1,,,,1
Berkowitz,522,Berkowitz522,,,,NO,,,,1,,,,1
Berkowitz,523,Berkowitz523,,,,NO,,,,1,,,,1
Berkowitz,524,Berkowitz524,,,,NO,,,,1,,,,1
Berkowitz,525,Berkowitz525,,,,NO,,,,1,,,,1
Berkowitz,526,Berkowitz526,,,,NO,,,,1,,,,1
Berkowitz,527,Berkowitz527,,,,NO,,,,1,,,,1
Berkowitz,528,Berkowitz528,,,,NO,,,,1,,,,1
Berkowitz,529,Berkowitz529,,,,NO,,,,1,,,,1
Berkowitz,530,Berkowitz530,,,,NO,,,,1,,,,1
Berkowitz,531,Berkowitz531,,,,NO,,,,1,,,,1
Berkowitz,532,Berkowitz532,,,,NO,,,,1,,,,1
Berkowitz,533,Berkowitz533,,,,NO,,,,1,,,,1
Berkowitz,534,Berkowitz534,,,,NO,,,,1,,,,1
Berkowitz,535,Berkowitz535,,,,NO,,,,1,,,,1
Berkowitz,536,Berkowitz536,,,,NO,,,,1,,,,1
Berkowitz,537,Berkowitz537,,,,NO,,,,1,,,,1
Berkowitz,538,Berkowitz538,,,,NO,,,,1,,,,1
Berkowitz,539,Berkowitz539,,,,NO,,,,1,,,,1
Berkowitz,540,Berkowitz540,,,,NO,,,,1,,,,1
Berkowitz,541,Berkowitz541,DJB,DONE,YES,YES,V,137,NA,1,C,Chromatic,,1
Berkowitz,542,Berkowitz542,DJB,DONE,YES,YES,V,137,NA,1,C,Chromatic,,1
Berkowitz,543,Berkowitz543,DJB,DONE,YES,YES,V,137,NA,1,C,Whole Tone,,1
Berkowitz,544,Berkowitz544,DJB,DONE,YES,YES,V,137,NA,1,C,Whole Tone,,1
Berkowitz,545,Berkowitz545,DJB,DONE,YES,YES,V,137,NA,1,C,Atonal,,1
Berkowitz,546,Berkowitz546,DJB,DONE,YES,YES,V,138,NA,1,C,Atonal,,1
Berkowitz,547,Berkowitz547,DJB,DONE,YES,YES,V,138,NA,1,C,Atonal,,1
Berkowitz,548,Berkowitz548,DJB,DONE,YES,YES,V,138,NA,1,C,Atonal,,1
Berkowitz,549,Berkowitz549,DJB,DONE,YES,YES,V,139,NA,1,C,Octatonic,,1
Berkowitz,550,Berkowitz550,DJB,DONE,YES,YES,V,139,NA,1,C,Octatonic,,1
Berkowitz,551,Berkowitz551,DJB,DONE,YES,YES,V,139,NA,1,C,Octatonic,,1
Berkowitz,552,Berkowitz552,DJB,DONE,YES,YES,V,139,NA,1,C,Octatonic,,1
Berkowitz,553,Berkowitz553,DJB,DONE,YES,YES,V,140,NA,1,C,Octatonic,,1
Berkowitz,554,Berkowitz554,,,,NO,,,,1,,,,1
Berkowitz,555,Berkowitz555,,,,NO,,,,1,,,,1
Berkowitz,556,Berkowitz556,,,,NO,,,,1,,,,1
Berkowitz,557,Berkowitz557,,,,NO,,,,1,,,,1
Berkowitz,558,Berkowitz558,,,,NO,,,,1,,,,1
Berkowitz,559,Berkowitz559,,,,NO,,,,1,,,,1
Berkowitz,560,Berkowitz560,,,,NO,,,,1,,,,1
Berkowitz,561,Berkowitz561,,,,NO,,,,1,,,,1
Berkowitz,562,Berkowitz562,,,,NO,,,,1,,,,1
Berkowitz,563,Berkowitz563,,,,NO,,,,1,,,,1
Berkowitz,564,Berkowitz564,,,,NO,,,,1,,,,1
Berkowitz,565,Berkowitz565,,,,NO,,,,1,,,,1
Berkowitz,566,Berkowitz566,,,,NO,,,,1,,,,1
Berkowitz,567,Berkowitz567,,,,NO,,,,1,,,,1
Berkowitz,568,Berkowitz568,,,,NO,,,,1,,,,1
Berkowitz,569,Berkowitz569,,,,NO,,,,1,,,,1
Berkowitz,570,Berkowitz570,,,,NO,,,,1,,,,1
Berkowitz,571,Berkowitz571,CD,DONE,NO,YES,V,144,,1,,,,0.75
Berkowitz,572,Berkowitz572,CD,DONE,NO,YES,V,155,,1,,,,0.75
Berkowitz,573,Berkowitz573,CD,DONE,NO,YES,V,155,,1,,,,0.75
Berkowitz,574,Berkowitz574,CD,DONE,NO,YES,V,155,,1,,,,0.75
Berkowitz,575,Berkowitz575,CD,DONE,NO,YES,V,155,,1,,,,0.75
Berkowitz,576,Berkowitz576,CD,DONE,NO,YES,V,156,,1,,,,0.75
Berkowitz,577,Berkowitz577,CD,DONE,NO,YES,V,156,,1,,,,0.75
Berkowitz,578,Berkowitz578,CD,DONE,NO,YES,V,156,,1,,,,0.75
Berkowitz,579,Berkowitz579,CD,DONE,NO,YES,V,156,,1,,,,0.75
Berkowitz,580,Berkowitz580,CD,DONE,NO,YES,V,147,,1,,,,0.75
Berkowitz,581,Berkowitz581,CD,DONE,NO,YES,V,147,,1,,,,0.75
Berkowitz,582,Berkowitz582,CD,DONE,NO,YES,V,147,,1,,,,0.75
Berkowitz,583,Berkowitz583,AR,NO,NO,YES,V,147,NO,1,C,Atonal,,0.75
Berkowitz,584,Berkowitz584,AR,NO,NO,YES,V,147,NO,1,C,Atonal,,0.75
Berkowitz,585,Berkowitz585,AR,NO,NO,YES,V,147,NO,1,C,Atonal,,0.75
Berkowitz,586,Berkowitz586,AR,NO,NO,YES,V,147,NO,1,C,Atonal,,0.75
Berkowitz,587,Berkowitz587,AR,NO,NO,YES,V,147,NO,1,C,Atonal,,0.75
Berkowitz,588,Berkowitz588,AR,NO,NO,YES,V,149,NO,1,C,Atonal,,0.75
Berkowitz,589,Berkowitz589,AR,NO,NO,YES,V,149,NO,1,C,Atonal,,0.75
Berkowitz,590,Berkowitz590,AR,NO,NO,YES,V,149,NO,1,C,Atonal,,0.75
Berkowitz,591,Berkowitz591,AR,NO,NO,YES,V,149,NO,1,C,Atonal,,0.75
Berkowitz,592,Berkowitz592,AR,NO,NO,YES,V,150,NO,1,C,Atonal,,0.75
Berkowitz,593,Berkowitz593,AR,NO,NO,YES,V,150,NO,1,C,Atonal,,0.75
Berkowitz,594,Berkowitz594,AR,NO,NO,YES,V,150,NO,1,C,Atonal,,0.75
Berkowitz,595,Berkowitz595,AR,NO,NO,YES,V,151,NO,1,C,Atonal,,0.75
Berkowitz,596,Berkowitz596,AR,NO,NO,YES,V,151,NO,1,C,Atonal,,0.75
Berkowitz,597,Berkowitz597,AR,NO,NO,YES,V,151,NO,1,C,Atonal,,0.75
Berkowitz,598,Berkowitz598,AR,NO,NO,YES,V,152,NO,1,C,Atonal,,0.75
Berkowitz,599,Berkowitz599,AR,NO,NO,YES,V,152,NO,1,C,Atonal,,0.75
Berkowitz,600,Berkowitz600,AR,NO,NO,YES,V,152,NO,1,C,Atonal,,0.75
Berkowitz,601,Berkowitz601,AR,NO,NO,YES,V,153,NO,1,C,Atonal,,0.75
Berkowitz,602,Berkowitz602,AR,NO,NO,YES,V,153,NO,1,C,Atonal,,0.75
Berkowitz,603,Berkowitz603,AR,NO,NO,YES,V,153,NO,1,C,Atonal,,0.75
Berkowitz,604,Berkowitz604,AR,NO,NO,YES,V,154,NO,1,C,Atonal,,0.75
Berkowitz,605,Berkowitz605,AR,NO,NO,YES,V,154,NO,1,C,Atonal,,0.75
Berkowitz,606,Berkowitz606,AR,NO,NO,YES,V,154,NO,1,C,Atonal,,0.75
Berkowitz,607,Berkowitz607,AR,NO,NO,YES,V,155,NO,1,C,Atonal,,0.75
Berkowitz,608,Berkowitz608,AR,NO,NO,YES,V,155,NO,1,C,Atonal,,0.75
Berkowitz,609,Berkowitz609,AR,NO,NO,YES,V,155,NO,1,C,Atonal,,0.75
Berkowitz,610,Berkowitz610,AR,NO,NO,YES,V,155,NO,1,C,Atonal,,0.75
Berkowitz,611,Berkowitz611,AR,YES,NO,YES,V,156,NO,1,C,Atonal,,0.75
Berkowitz,612,Berkowitz612,AR,YES,NO,YES,V,156,NO,1,C,Atonal,,0.75
Berkowitz,613,Berkowitz613,AR,YES,NO,YES,V,156,NO,1,C,Atonal,,0.75
Berkowitz,614,Berkowitz614,AR,YES,NO,YES,V,156,NO,1,C,Atonal,,0.75
Berkowitz,615,Berkowitz615,AR,YES,NO,YES,V,157,NO,1,C,Atonal,,0.75
Berkowitz,616,Berkowitz616,AR,YES,NO,YES,V,157,NO,1,C,Atonal,,0.75
Berkowitz,617,Berkowitz617,AR,YES,NO,YES,V,157,NO,1,C,Atonal,,0.75
Berkowitz,618,Berkowitz618,AR,YES,NO,YES,V,157,NO,1,C,Atonal,,0.75
Berkowitz,619,Berkowitz619,AR,YES,NO,YES,V,158,NO,1,C,Atonal,,0.75
Berkowitz,620,Berkowitz620,AR,YES,NO,YES,V,158,NO,1,C,Atonal,,0.75
Berkowitz,621,Berkowitz621,AR,YES,NO,YES,V,158,NO,1,C,Atonal,,0.75
Berkowitz,622,Berkowitz622,AR,YES,NO,YES,V,158,NO,1,C,Atonal,,0.75
Berkowitz,623,Berkowitz623,AR,YES,NO,YES,V,159,NO,1,C,Atonal,,0.75
Berkowitz,624,Berkowitz624,AR,YES,NO,YES,V,159,NO,1,C,Atonal,,0.75
Berkowitz,625,Berkowitz625,AR,YES,NO,YES,V,159,NO,1,C,Atonal,,0.75
Berkowitz,626,Berkowitz626,AR,YES,NO,YES,V,159,NO,1,C,Atonal,,0.75
Berkowitz,627,Berkowitz627,AR,YES,NO,YES,V,160,NO,1,C,Atonal,,0.75
Berkowitz,628,Berkowitz628,AR,YES,NO,YES,V,160,NO,1,C,Atonal,,0.75
Berkowitz,629,Berkowitz629,AR,YES,NO,YES,V,160,NO,1,C,,,0.75
Literature,1,Literature1,DJB,YES,YES,YES,I,345,NA,5,F,,,0.75
Literature,2,Literature2,DJB,YES,YES,YES,I,345,NA,5,G,,,0.75
Literature,3,Literature3,DJB,YES,YES,YES,I,345,NA,5,F,,,0.75
Literature,4,Literature4,DJB,YES,YES,YES,I,345,NA,5,a,,,0.75
Literature,5,Literature5,DJB,YES,YES,YES,I,345,NA,5,F,,,0.75
Literature,6,Literature6,DJB,YES,YES,YES,I,346,NA,5,B-,,,0.75
Literature,7,Literature7,DJB,YES,YES,YES,I,346,NA,5,E-,,,0.75
Literature,8,Literature8,DJB,YES,YES,YES,I,346,NA,5,D,,,0.75
Literature,9,Literature9,DJB,YES,YES,YES,I,346,NA,5,G,,,0.75
Literature,10,Literature10,DJB,YES,YES,YES,I,346,NA,5,F,,,0.75
Literature,11,Literature11,DJB,YES,YES,YES,I,347,NA,5,C,Pentatonic,,0.75
Literature,12,Literature12,DJB,YES,YES,YES,I,347,NA,5,G,Pentatonic,,0.75
Literature,13,Literature13,DJB,YES,YES,YES,I,347,NA,5,G,,,0.75
Literature,14,Literature14,DJB,YES,YES,YES,I,347,NA,5,F,,,0.75
Literature,15,Literature15,DJB,YES,YES,YES,I,348,NA,5,A-,,,0.75
Literature,16,Literature16,DJB,YES,YES,YES,I,348,NA,5,E-,,,0.75
Literature,17,Literature17,DJB,YES,YES,YES,I,348,NA,5,E-,,,0.75
Literature,18,Literature18,DJB,YES,YES,YES,I,348,NA,5,D,,,0.75
Literature,19,Literature19,DJB,YES,YES,YES,I,348,NA,5,C,,,0.75
Literature,20,Literature20,DJB,YES,YES,YES,I,348,NA,5,G,,,0.75
Literature,21,Literature21,DJB,YES,YES,YES,I,349,NA,5,A-,,,0.75
Literature,22,Literature22,DJB,YES,YES,YES,I,349,NA,5,D,,,0.75
Literature,23,Literature23,DJB,YES,YES,YES,I,349,NA,5,F,,,0.75
Literature,24,Literature24,DJB,YES,YES,YES,I,349,NA,5,A,,,0.75
Literature,25,Literature25,DJB,YES,YES,YES,I,349,NA,5,F,,,0.75
Literature,26,Literature26,DJB,YES,YES,YES,I,350,NA,5,C,,,0.75
Literature,27,Literature27,DJB,YES,YES,YES,I,350,NA,5,F,,,0.75
Literature,28,Literature28,DJB,YES,YES,YES,I,350,NA,5,c,Minor Pentatonic,,0.75
Literature,29,Literature29,DJB,YES,YES,YES,I,350,NA,5,E-,,,0.75
Literature,30,Literature30,DJB,YES,YES,YES,I,350,NA,5,a,,,0.75
Literature,31,Literature31,DJB,YES,YES,YES,I,351,NA,5,E-,,,0.75
Literature,32,Literature32,DJB,YES,YES,YES,I,351,NA,5,d,,,0.75
Literature,33,Literature33,DJB,YES,YES,YES,I,351,NA,5,B-,,,0.75
Literature,34,Literature34,DJB,YES,YES,YES,I,351,NA,5,G,,,0.75
Literature,35,Literature35,DJB,YES,YES,YES,I,351,NA,5,C,,,0.75
Literature,36,Literature36,DJB,YES,YES,YES,I,352,NA,5,A,,,0.75
Literature,37,Literature37,DJB,YES,YES,YES,I,352,NA,5,A-,,,0.75
Literature,38,Literature38,DJB,YES,YES,YES,I,352,NA,5,G,,,0.75
Literature,39,Literature39,DJB,YES,YES,YES,I,352,NA,5,D,,,0.75
Literature,40,Literature40,DJB,YES,YES,YES,I,353,NA,5,g,,,0.75
Literature,41,Literature41,DJB,YES,YES,YES,I,353,NA,5,B-,,,0.75
Literature,42,Literature42,DJB,YES,YES,YES,I,353,NA,5,A,,,0.75
Literature,43,Literature43,DJB,YES,YES,YES,I,354,NA,5,B,,,0.75
Literature,44,Literature44,DJB,YES,YES,YES,I,354,NA,5,g,,,0.75
Literature,45,Literature45,DJB,YES,YES,YES,I,354,NA,5,F,,,0.75
Literature,46,Literature46,DJB,YES,YES,YES,I,354,NA,5,g,,,0.75
Literature,47,Literature47,DJB,YES,YES,YES,I,355,NA,5,d,,,0.75
Literature,48,Literature48,DJB,YES,YES,YES,I,355,NA,5,b,,,0.75
Literature,49,Literature49,DJB,YES,YES,YES,I,355,NA,5,B-,,,0.75
Literature,50,Literature50,DJB,YES,YES,YES,II,356,,5,E-,,,1
Literature,51,Literature51,DJB,YES,YES,YES,II,356,,5,b,,,1
Literature,52,Literature52,DJB,YES,YES,YES,II,356,,5,A-,,,1
Literature,53,Literature53,DJB,YES,YES,YES,II,356,,5,D,,,1
Literature,54,Literature54,DJB,YES,YES,YES,II,356,,5,F,,,1
Literature,55,Literature55,DJB,YES,YES,YES,II,357,,5,F,,,1
Literature,56,Literature56,DJB,YES,YES,YES,II,357,,5,D,,,1
Literature,57,Literature57,ESM,done,NO,YES,II,357,,5,G,,,1
Literature,58,Literature58,ESM,done,NO,YES,II,357,,5,e,pentatonic,ties not added yet,1
Literature,59,Literature59,ESM,done,NO,YES,II,358,,5,g,pentatonic,ties not added yet,1
Literature,60,Literature60,ESM,done,NO,YES,II,358,,5,F,pentatonic?,ties not added yet,1
Literature,61,Literature61,ESM,done,NO,YES,II,358,,5,B-,,ties not added yet,1
Literature,62,Literature62,ESM,done,NO,YES,II,358,,5,C,,ties not added yet,1
Literature,63,Literature63,ESM,done,NO,YES,II,359,,5,G,,ties not added yet,1
Literature,64,Literature64,ESM,done,NO,YES,II,359,,5,b,,ties not added yet,1
Literature,65,Literature65,ESM,done,NO,YES,II,359,,5,G,,ties not added yet,1
Literature,66,Literature66,ESM,done,NO,YES,II,359,,5,F,,ties not added yet,1
Literature,67,Literature67,ESM,done,NO,YES,II,360,,5,d,,ties not added yet,1
Literature,68,Literature68,ESM,done,NO,YES,II,360,,5,F,,ties not added yet,1
Literature,69,Literature69,ESM,done,NO,YES,II,360,,5,C,,ties not added yet,1
Literature,70,Literature70,ESM,done,NO,YES,II,360,,5,a,,ties not added yet,1
Literature,71,Literature71,ESM,,NO,YES,II,360,,5,,,,1
Literature,72,Literature72,ESM,,NO,YES,II,361,,5,,,,1
Literature,73,Literature73,ESM,,NO,YES,II,361,,5,,,,1
Literature,74,Literature74,ESM,,NO,YES,II,361,,5,,,,1
Literature,75,Literature75,ESM,,NO,YES,II,361,,5,,,,1
Literature,76,Literature76,ESM,,NO,YES,II,361,,5,,,,1
Literature,77,Literature77,ESM,,NO,YES,II,362,,5,,,,1
Literature,78,Literature78,ESM,,NO,YES,II,362,,5,,,,1
Literature,79,Literature79,ESM,,NO,YES,II,362,,5,,,,1
Literature,80,Literature80,ESM,,NO,YES,II,362,,5,,,,1
Literature,81,Literature81,ESM,,NO,YES,II,362,,5,,,,1
Literature,82,Literature82,ESM,,NO,YES,II,363,,5,,,,1
Literature,83,Literature83,ESM,,NO,YES,II,363,,5,,,,1
Literature,84,Literature84,ESM,,NO,YES,II,363,,5,,,,1
Literature,85,Literature85,ESM,,NO,YES,II,363,,5,,,,1
Literature,86,Literature86,ESM,,NO,YES,II,364,,5,,,,1
Literature,87,Literature87,ESM,,NO,YES,II,364,,5,,,,1
Literature,88,Literature88,ESM,,,NO,,,,5,,,,1
Literature,89,Literature89,ESM,,,NO,,,,5,,,,1
Literature,90,Literature90,ESM,,,NO,,,,5,,,,1
Literature,91,Literature91,ESM,,,NO,,,,5,,,,1
Literature,92,Literature92,ESM,,,NO,,,,5,,,,1
Literature,93,Literature93,ESM,,,NO,,,,5,,,,1
Literature,94,Literature94,ESM,,,NO,,,,5,,,,1
Literature,95,Literature95,ESM,,,NO,,,,5,,,,1
Literature,96,Literature96,ESM,,,NO,,,,5,,,,1
Literature,97,Literature97,ESM,,,NO,,,,5,,,,1
Literature,98,Literature98,ESM,,,NO,,,,5,,,,1
Literature,99,Literature99,ESM,,,NO,,,,5,,,,1
Literature,100,Literature100,ESM,,,NO,,,,5,,,,1
Literature,101,Literature101,ESM,,,NO,,,,5,,,,1
Literature,102,Literature102,ESM,,,NO,,,,5,,,,1
Literature,103,Literature103,ESM,,,NO,,,,5,,,,1
Literature,104,Literature104,ESM,,,NO,,,,5,,,,1
Literature,105,Literature105,ESM,,,NO,,,,5,,,,1
Literature,106,Literature106,ESM,,,NO,,,,5,,,,1
Literature,107,Literature107,ESM,,,NO,,,,5,,,,1
Literature,108,Literature108,ESM,,,NO,,,,5,,,,1
Literature,109,Literature109,ESM,,,NO,,,,5,,,,1
Literature,110,Literature110,ESM,,,NO,,,,5,,,,1
Literature,111,Literature111,ESM,,,NO,,,,5,,,,1
Literature,112,Literature112,ESM,,,NO,,,,5,,,,1
Literature,113,Literature113,ESM,,,NO,,,,5,,,,1
Literature,114,Literature114,ESM,,,NO,,,,5,,,,1
Literature,115,Literature115,ESM,,,NO,,,,5,,,,1
Literature,116,Literature116,,,,NO,,,,5,,,,1
Literature,117,Literature117,,,,NO,,,,5,,,,1
Literature,118,Literature118,,,,NO,,,,5,,,,1
Literature,119,Literature119,,,,NO,,,,5,,,,1
Literature,120,Literature120,,,,NO,,,,5,,,,1
Literature,121,Literature121,,,,NO,,,,5,,,,1
Literature,122,Literature122,,,,NO,,,,5,,,,1
Literature,123,Literature123,,,,NO,,,,5,,,,1
Literature,124,Literature124,,,,NO,,,,5,,,,1
Literature,125,Literature125,,,,NO,,,,5,,,,1
Literature,126,Literature126,,,,NO,,,,5,,,,1
Literature,127,Literature127,,,,NO,,,,5,,,,1
Literature,128,Literature128,,,,NO,,,,5,,,,1
Literature,129,Literature129,,,,NO,,,,5,,,,1
Literature,130,Literature130,,,,NO,,,,5,,,,1
Literature,131,Literature131,,,,NO,,,,5,,,,1
Literature,132,Literature132,,,,NO,,,,5,,,,1
Literature,133,Literature133,,,,NO,,,,5,,,,1
Literature,134,Literature134,,,,NO,,,,5,,,,1
Literature,135,Literature135,,,,NO,,,,5,,,,1
Literature,136,Literature136,,,,NO,,,,5,,,,1
Literature,137,Literature137,,,,NO,,,,5,,,,1
Literature,138,Literature138,,,,NO,,,,5,,,,1
Literature,139,Literature139,,,,NO,,,,5,,,,1
Literature,140,Literature140,,,,NO,,,,5,,,,1
Literature,141,Literature141,,,,NO,,,,5,,,,1
Literature,142,Literature142,,,,NO,,,,5,,,,1
Literature,143,Literature143,,,,NO,,,,5,,,,1
Literature,144,Literature144,,,,NO,,,,5,,,,1
Literature,145,Literature145,,,,NO,,,,5,,,,1
Literature,146,Literature146,,,,NO,,,,5,,,,1
Literature,147,Literature147,,,,NO,,,,5,,,,1
Literature,148,Literature148,,,,NO,,,,5,,,,1
Literature,149,Literature149,,,,NO,,,,5,,,,1
Literature,150,Literature150,,,,NO,,,,5,,,,1
Literature,151,Literature151,,,,NO,,,,5,,,,1
Literature,152,Literature152,AR,YES,NO,YES,IV,381,NO,5,,,,0.75
Literature,153,Literature153,AR,YES,NO,YES,IV,382,NO,5,,,,0.75
Literature,154,Literature154,AR,YES,NO,YES,IV,382,NO,5,,,,0.75